,WorkerId,"UPDATE-workers_over_limit"
0,A1E77HZO63E334,1
1,A1HAOXJVRYT43K,1
2,A2F1JTU06CO6VD,1
3,AT6LDQNLKTUSE,1
4,A313JEGCVV2UES,1
5,AAM0Q3DCSSQ0A,1
6,A3S0INU046UTYK,1
7,A2AT5B7RW4VXBX,1
8,A3N8JP3QR3VPE8,1
9,AJYGVMSBD5SJ0,1
10,AVC1PLLFS210S,1
11,A2X4LZ6WSP0H10,1
12,A10XW6SNPNQX16,1
13,A15V8K8M4TXT9Y,1
14,A3609GDWR2JCCA,1
15,A19L8SNH73AX1Z,1
16,A2CYD8QD1JO0O5,1
17,A2SJC9VRBGNC58,1
18,A1X57NNB77RTSD,1
19,A1IS0218RVG60K,1
20,A1E0X56CBY8X0L,1
21,AF9NG1PF59D1U,1
22,A3TODSYUYQ1V65,1
23,A2T3N9U2VPSFUM,1
24,A26A4HEBGP2MOX,1
25,A1RAWGJXKQOCMS,1
26,A3LJ2FHESYV9QQ,1
27,A2XPAKSCN9YUFZ,1
28,AK2C9AX5QJWUU,1
29,AUCHGHY1IKZZK,1
30,AA4KKLIU4C3NY,1
31,A22012GC5JSH0C,1
32,A2YGAEODJ5SSF6,1
33,A3LRSX7ECYPSF4,1
34,A1BBJJHGM0ADN7,1
35,AR1IWBDA7MC86,1
36,A1EXO9HRNQYHWC,1
37,A3Q7M403ZI5OGN,1
38,A3LRZX8477TYYZ,1
39,A1UHNDB2EQ8TK0,1
40,AYKZ9H4BNW810,1
41,A337MKRWW1YJSD,1
42,A1RV2LERVS0A4H,1
43,A2RTJ6BDY0DZVZ,1
44,A2LDR8464HOYCM,1
45,A3G8OON0TDPN1E,1
46,AM02YP6440HLO,1
47,A3IDAO8T75VO3Z,1
48,A10LQ8RUWDUI5U,1
49,A3IYFX04J596X8,1
50,ACN0C9HPYDTED,1
51,A3TJOSEGRRDAM5,1
52,A3G5IPGLH1IIZN,1
53,A2VFEDAK5C1E1O,1
54,A175X5H642OD4W,1
55,A2IWY65OSE8R9U,1
56,A30ROPCG8941ZI,1
57,ACRKDBKAS8GM1,1
58,A2H5UA2MUBT4QX,1
59,A1DENY90PJEZB7,1
60,A3J55BJGV95JKH,1
61,A1EBYYXRSKPMSS,1
62,A28HYRF3QXFAXL,1
63,A150GMV1YQWWB3,1
64,A1GRPIBHW72HDU,1
65,A2ONILC0LZKG6Y,1
66,A191V7PT3DQKDP,1
67,A2XJAGYVNVPCP0,1
68,A1TGV7LT6LTIQU,1
69,AZZ45WWHYSBA6,1
70,A5B6HXICKBU3Q,1
71,A3SYN9BLUSB49C,1
72,A1WBGYZ6Y8NJ9,1
73,AAEZQL4J6CQGM,1
74,A1UNBT94I82S8V,1
75,A23FMTVKQEYCMW,1
76,A391BDSBPJ4H21,1
77,A3TS2NCBAB9L6V,1
78,A21BYWSBHFSSOS,1
79,A13FUEPWBCLBUY,1
80,AJNQ2PBD07FKE,1
81,A3JP7DIFRS0ZBY,1
82,A1QP4NP83WGF17,1
83,A12NO2MNOIREXA,1
84,A320QA9HJFUOZO,1
85,A2WCXJZEXXR60A,1
86,A1CM1EE23X7RT8,1
87,A4JU6ZFL8C1VG,1
88,A2VNK2H6USLQTK,1
89,A18FPXIJYCTETD,1
90,A2ZEUYRYGNHQ2Z,1
91,A1RJ2LORL5PJHS,1
92,A167SYXGXFU7C8,1
93,A2UUKFTD0VUX2S,1
94,A2DHKPVOG2LMVN,1
95,A1G4QY3W5J5PMW,1
96,A3TOUB8313BPVS,1
97,A1CSDIX05PK9V,1
98,A3J8F637SP7XIY,1
99,A2KPT0PEUEXCC4,1
100,A147I0K984NT1E,1
101,A2CK0OXMPOR9LE,1
102,A3GK90X2QOFR53,1
103,AXMPSUNKUBEIL,1
104,A1H72Y9Z5NJXDS,1
105,ACZJ30L5U694Z,1
106,A258IQXX7F3Z8O,1
107,A3JSDZMBS8L87S,1
108,A5T9IFDZ3W4T6,1
109,A1ZT30BGR3266K,1
110,A3KX8PBHVFQZ3U,1
111,AUFUUD4WG9CVO,1
112,A30F9EPBM3I0Z,1
113,A34SCRE20A7XV5,1
114,A1LTJHPUTL7WM9,1
115,A1G42P7S1ROOD2,1
116,AVTLWWC78O2VW,1
117,A1OUD2FVFBTL6G,1
118,A20CYIUITWLCO,1
119,A8TK3JACM5EM,1
120,A2P8PHVUWCQL7P,1
121,A1P8M5BKOTAA8I,1
122,A20MUNY2OLDCLC,1
123,AO7FM98CP90CL,1
124,A1F9KLZGHE9DTA,1
125,A55CXM7QR7R0N,1
126,A1RHTHCLMX3FEE,1
127,A2EAIMII6MSIO5,1
128,A1QCUD55921N0P,1
129,A2F79GFUWU5O96,1
130,A1WO011N7G89N,1
131,A3L0DCUXI7X3A9,1
132,A1WRYUFOYFF8QO,1
133,A5J0OW727ZCWY,1
134,A31A4YKVSOYRVS,1
135,A1TP0SGMUSJ34B,1
136,AYFOAD75CRBKE,1
137,A3QC57KUVJP5EW,1
138,A1160COTUR26JZ,1
139,A2BN1CX0PTWBXW,1
140,A36YZCJV91T1EX,1
141,A1VAL7L9L79IN0,1
142,A14NWZH1M96Y1N,1
143,A36ZLJPURT0ILP,1
144,A2M9D02CIVECE3,1
145,A1C5ZWKKDR6X96,1
146,A376BI2RNUIFRH,1
147,A3KRZCW1TPIBY6,1
148,A3SX229VS1X6B6,1
149,A3VGUHKQ4Q8EO4,1
150,AMNRYECHXZY34,1
151,AAKBYJD64R6K,1
152,A30YUV6IU0T6I6,1
153,A3GAQNTZ1V1VO,1
154,A3C0LPVN749UF3,1
155,A212LZYYBMG13U,1
156,A3LIBDEC7U9VM9,1
157,A1T1B8WUBU4KY9,1
158,A3S1TLYMH9WWUG,1
159,A2EDI66B0KTBEH,1
160,AWRRXY5ZCJM03,1
161,A3TUCOUVSP9ZGY,1
162,A64IRD2E2PMEM,1
163,A1ZVJG3BKYHJWN,1
164,A2CSENNI43N272,1
165,AOKF2XWL4F5AJ,1
166,AZMOA8ONG0D2U,1
167,AQIHP9D5DG5J,1
168,A3QLGMZOLGMBQ1,1
169,A26M997VYVK0E6,1
170,A39K9RKR1YHQOR,1
171,A1ZKNQJO513B3W,1
172,A2WWYVKGZZXBOB,1
173,A1Q68M0X4YXHKH,1
174,AEX9MA72M10DC,1
175,A30VAYXB85107X,1
176,A2YGOORS5N9RW8,1
177,A2JOHICL072IY3,1
178,ASDV9XYOEW28W,1
179,A2W8ZODKKQ7RYP,1
180,A9QUUKUPWK4UH,1
181,A3S86M2DZAEJ5E,1
182,AETIZKQNUSBLB,1
183,A35TWG9VW1MB5S,1
184,A2O7AHH32GWNIS,1
185,A2YQAE441JMA7V,1
186,ANOLPNI89ITJV,1
187,A2HHWFGVV9UUC5,1
188,A1IGRW1I8RCOSZ,1
189,A394GXC30A1YP6,1
190,A2RPDFZ5XGJ3IU,1
191,A3UNS38BYD3OQR,1
192,A3U74S280Z4B0,1
193,A8RDXT4ZILHQT,1
194,A10O5YR01H865K,1
195,A3CSUQJ3WF1BKP,1
196,A1BQCRF5Q76YFY,1
197,A1FU6VS2CM6MQY,1
198,A27DYHT7ZQGQ34,1
199,ANVXAMUEBGV8N,1
200,A3U21PUMQ6NGT2,1
201,A3ZWMVK6GNTJ8,1
202,A3672FHRNOYTSS,1
203,A2OVWCQ4B9AHFY,1
204,A234UW0G9PMSCC,1
205,A110KENBXU7SUJ,1
206,A1M3PLZBB92ZTP,1
207,A273EH17NSJRH0,1
208,A2Z6GJ1FJEHC6K,1
209,A1KC7HDBADU451,1
210,A2W8ZV9DQWVHJK,1
211,A2REJHHCX9OHFI,1
212,A1X8GO1B236KMK,1
213,A12O9P1OTMJOPW,1
214,AOB5RZ3WSAZPS,1
215,AOMTL7RWZTP3Z,1
216,AHEVIE2NY1W1Z,1
217,A1TARNH07A75CG,1
218,A1KH1O9AZ7S642,1
219,A1PMZUBGXFANCI,1
220,A2UHMLMFCP9J72,1
221,A2PUL3ZDXOW0VZ,1
222,A2S75O867RJG0I,1
223,A26RO8GGTQAXGG,1
224,A1NFBKUYYVUYWF,1
225,A203OMZSCJJ3H4,1
226,A36O6HV8LCXLJR,1
227,A3POH7948KWXCF,1
228,A30RAYNDOWQ61S,1
229,A2P065E9CYMYJL,1
230,A2WDF40FA670T9,1
231,A1ZA3VZPHJ990T,1
232,A2RT159EPM1TEF,1
233,A101IR0LIN81SL,1
234,ASI2B6A3Y556Z,1
235,A3LT7W355XOAKF,1
236,ABBSUB9SVTKMP,1
237,A2581F7TDPAMBQ,1
238,A1EITLFAMKA61U,1
239,A12FCLCVIM2CL3,1
240,AR75XTT2KAUL2,1
241,AFP71HFAQH1W7,1
242,A2541C8MY0BYV3,1
243,A2VD133723IZR8,1
244,A1YTP3NEKN5LG3,1
245,A36SM7QM8OK3H6,1
246,AW0MG225VXWCN,1
247,A1J0IHJ61FFDUF,1
248,A3F8G26PENQ6EO,1
249,A27BPRHBM28XZS,1
250,AOUA5V4K3BQ23,1
251,AADDOP3FHMAV1,1
252,AVI7K876BV3QL,1
253,A1NLJ1L4VCQYV2,1
254,A1KLAGM9CCOFBN,1
255,A18XFOKU5G1OL1,1
256,AK9JRJJOTQ4E8,1
257,AFIRH8MV85A4D,1
258,AAB92DK5SKQJC,1
259,A2VPQFGDUQX8HX,1
260,A1MAAPY9K1G1YR,1
261,A1F1OZ54G177D8,1
262,A2SBN9B6Q3DN2X,1
263,A1AKL5YH9NLD2V,1
264,A2RMJNF6IPI42F,1
265,A1727A5VJOZAMR,1
266,A3JGVZEXXELM3C,1
267,A22ABLVEI5EGPL,1
268,A1A8L6LU8E2YOA,1
269,AB1X97ASE626Q,1
270,A3UIDRGBV9NJWR,1
271,A24B5UF6RMHYGX,1
272,A2NLZCQZ9QOV4S,1
273,A2IKSCWK5EOG79,1
274,AP9843EQIEVIN,1
275,A26UIS59SY4NM6,1
276,A3D70ANCSMGX5F,1
277,A1L3937MY09J3I,1
278,AWIYSXEA51PFZ,1
279,A2O25955H5ETW7,1
280,A2YLK83DQ6PA5Y,1
281,A1SX8IVV82M0LW,1
282,A1IFIK8J49WBER,1
283,A25CFVQND4A0EV,1
284,A3PH2PA5TISXYB,1
285,A37S96RT1P1IT2,1
286,A26BYNHCX4EBK6,1
287,AFA77JJROHLHZ,1
288,A20N1NK5X5S88F,1
289,ANNVWKERLZG9A,1
290,A1B76WYZ47BQJ,1
291,A1OM5NWYYYJKQW,1
292,A2J18K5IUQ2K4G,1
293,A3FAF93BMDJLAL,1
294,AGVUHOBSCP6YC,1
295,AKSJ3C5O3V9RB,1
296,A3JLE2LJ5I17E2,1
297,AZNIEFUIVB2H0,1
298,A2YTO4EY3MNYAJ,1
299,A1CHC8M7CWC254,1
300,A1NK84W9T83USS,1
301,A125AOX978LDG7,1
302,A3774HPOUKYTX7,1
303,A1JWKT0IS06YKL,1
304,A3TJ3ORKWH4IYW,1
305,A53WVYONK6B9Q,1
306,A256FHXGSY0E5D,1
307,A3SGZ8OQXW5TQD,1
308,A3B8DP6KHMP3OS,1
309,A1506T1PAYRT16,1
310,A2M9MD6AHXVT54,1
311,A10V73ANM5HV2A,1
312,A2XUADP5L61HQ5,1
313,A18QU0YQB6Q8DF,1
314,ATF7HBD1TFI2U,1
315,A3VDG4N48AVYGQ,1
316,A39GADIK8RLMVC,1
317,AYYBMS4XQJ9AP,1
318,AX1URX5FEB49I,1
319,A3JTDNRJYVCGQD,1
320,A1PUHCEBSOWETV,1
321,A15FXHC1CVNW31,1
322,A2766O35JUD7LO,1
323,A2ZUCKYJE4DPV7,1
324,A1QKIA8XRNEXIG,1
325,AROEBUDI2L9G9,1
326,A140QSCUDO8CPW,1
327,A1BVG13MHBM1YD,1
328,A25DP39XRZDLQM,1
329,A3EQR9C0L23O6E,1
330,A2MKUZ0K3S7NQU,1
331,A3EG4C9T4F5DUR,1
332,A3L8LSM7V7KX3T,1
333,A3IPM9MV8AF4TK,1
334,A1DP2L19BNZJ2Y,1
335,A27PVIL93ZMY46,1
336,AU2RMH9IZP60M,1
337,A3AHCT6Q7A3Q23,1
338,A1CT5GSRBEQZA3,1
339,A20HITED8LB7O5,1
340,A2OYD076D953N1,1
341,A2YOVBJ9EXAI8W,1
342,A37XJVQF62ZYC,1
343,A3U6IA3JUSFZ2M,1
344,A3L4RJUHA0CJEA,1
345,ALEE1QD4TW9G4,1
346,A2389DERMNF3ZB,1
347,A1RUURPQJ14A8X,1
348,AIEKCWYZTS41V,1
349,A1LSEVXPEYMJL7,1
350,AI6TD8PM938FQ,1
351,A36BQYQGN6OWVU,1
352,AWXIEV9H6KT9E,1
353,ATJ7MAHTEZHUB,1
354,A1S9VTN2NHGOA4,1
355,A23PQPECIUVKHC,1
356,A149ROBL26JWPJ,1
357,A3TQKAOIJSPPRB,1
358,A64JDJKE9DYCT,1
359,A314MOTW55HNXY,1
360,A3CH1Z6J9R38G9,1
361,A38IH5U8105J8,1
362,A1KGCOR8OXYR72,1
363,A154X03NKVZZL1,1
364,A1EKUJGMFDI1RZ,1
365,A30DREP4GP5LNB,1
366,A1F8O6BA8AZTRF,1
367,AKSJ3C5O3V9R,1
368,A3CMWYLWMENHLZ,1
369,AC25X12LNYY6Y,1
370,AQ0UYN7D6FU3F,1
371,A3LC6M2EMDBBXP,1
372,A3EWTW55UCNAHG,1
373,A7KLTVEIASF4J,1
374,A1KGM1B9XJELX,1
375,AGRKG3YT3KMD8,1
376,A1QQQ7KKM896QY,1
377,AK7NIT4IJ8X6D,1
378,A2JDJFBKD3U830,1
379,A2EI075XZT9Y2S,1
380,A3CPQP08A6J09F,1
381,A1VZSFHTU51JP0,1
382,A0017268R9SKD8U2Y3F,1
383,A8KX1HFH8NE2Q,1
384,A3C4FJZQDK2SZX,1
385,A2ML0070M8FDK1,1
386,A23GB80BDI6PPL,1
387,A1BQCCSQDNCZUD,1
388,A2RVEG53L48BAE,1
389,AVNXCGTZQ1CFK,1
390,A2V1QUHY2KI01H,1
391,A2ZZW6KME1FUDU,1
392,A11THU6UGG3THR,1
393,A27QOQFBD0UN6B,1
394,A1L92Y6VBTRFP5,1
395,A1W2AXHN5R2J91,1
396,AEGSLKFQL4GKV,1
397,ANFWGSQ8BQRZ,1
398,A3CQDCNYJAX2X3,1
399,A1CEDP4V25M6G9,1
400,A2DDCDTHI8TBUT,1
401,A29LYIS36PQSOF,1
402,AZGBKAM5JUV5A,1
403,AYQH26R4KXW2K,1
404,A1WL3NZ50YEOWP,1
405,A1P7G4500E2JCH,1
406,A2O762LZEZN3JC,1
407,A36662QQDZ9J3R,1
408,A3CXK1KSRGU27V,1
409,A3BFMY5OX2WMUW,1
410,A17MUXOICSH29I,1
411,AJYVLGIOG1CCH,1
412,A27RS192S3Q5EW,1
413,A1LSGYXKP6O1B8,1
414,A1P6OXEJ86HQRM,1
415,A2I6ZS386UJVJE,1
416,A2TDEX0T7XEPLU,1
417,A1RL6LTB8DSNVE,1
418,ABMX8XUNPR3LP,1
419,AEWGY34WUIA32,1
420,A2L26DMSVUEDP6,1
421,A3O7X46E3REM7I,1
422,AYT6SGST09KSE,1
423,A27CNO4K5K6V5R,1
424,A1YNSX11UM84SZ,1
425,AS3AANFYLQ5RW,1
426,A2YE2I9DYV9OKW,1
427,A2ZRF4I5RTKN7G,1
428,A20M6OQPEYYIK,1
429,AGON2ML5JT2OI,1
430,A2R8IV2PWFTY00,1
431,A3MYTEE8WSEQ2Z,1
432,A2DLS2F38K9ZN,1
433,A2OVX9UW5WANQE,1
434,A93BV5HG02AA,1
435,A28N4YR1LYTKOC,1
436,AMC1ATHYSMLXC,1
437,A3GXC3VG37CQ3G,1
438,A3AIX82WZQZB5A,1
439,A28XONYN8IBJIU,1
440,ADNQBINCF8HGN,1
441,A21KGSK2BDVWOA,1
442,A1LOD3LNX7FUPJ,1
443,A2H6K1XIK4LY7O,1
444,A1QHJGHKDIG3T5,1
445,AUY0EZC3XDJZJ,1
446,AV22FQTJNBUZT,1
447,A2DP3JH66Q96BR,1
448,ANPBZZM3NR9B9,1
449,ADKKDK6P4MS1Z,1
450,A3JT22BLG866CK,1
451,A1PH1I9F2AA3TZ,1
452,AA9V4NE8SOA4I,1
453,AFU00NU09CFXE,1
454,A2J4TPLU00ZRYJ,1
455,A2G3G60TB7HCJE,1
456,AJW3PL5UDH4BP,1
457,A3LT7W355XOAK,1
458,A23N5LWKJ5V0L7,1
459,A2GOYSTIL3LOV1,1
460,A1JVWOBGNA6KJT,1
461,A2Y1RSQ3QIJF73,1
462,A3R457FAWQXZN3,1
463,A1SO9R81HMMIQD,1
464,A13TCBW1IHCYH2,1
465,A1D36KAPWAUPTJ,1
466,A1QEQOI98976S0,1
467,AIPHJXQEDNW9L,1
468,A1M682B2WUSYJP,1
469,AYQAO6B91191T,1
470,AB9QD14OABNLE,1
471,A3UEJQ4EJB9DBD,1
472,A1OBWGLS5LRLT3,1
473,A10048W1LKR40,1
474,A3W6T1WDYXMR3,1
475,A1C0H8G0YI15MN,1
476,A3O5EU9QQV2OS1,1
477,A4TF7BTV9SM06,1
478,A3SD02HCW68EUL,1
479,A12H0TKDLWDN38,1
480,A1EWJ4IRZTJW99,1
481,A4IEHQI7RBRDX,1
482,A24Y2V3AI87MP2,1
483,AVSLRTQLC2XK4,1
484,A2GZ00IMOT6L3X,1
485,A3GDTSFHVBUJHD,1
486,APGX2WZ59OWDN,1
487,A147F5PJTHOB8A,1
488,AFZKP8TAXAUCR,1
489,A2M3KQ9CKP7YW,1
490,A1KCVYDWS80B7S,1
491,A249N5A1E58ROI,1
492,A1NC37ZONRRZP0,1
493,A2E3TO92MCQ9XU,1
494,A17T6TVHCLK3MH,1
495,A3FJCLBK3HF4PD,1
496,A36LOA6VLJU157,1
497,A1SOOCPS9CRCQE,1
498,A2MD4K1YFYBLZN,1
499,ALTDBA92K2GS1,1
500,A3135Y3RMFC3PK,1
501,A2AG45K4ULNBHF,1
502,A2TLN8489YGY81,1
503,APITQRRX2PADB,1
504,A20JA3YSZ8G6QY,1
505,A1QG4WF9ZTZTK2,1
506,AKX5RHHO8BIUX,1
507,A1APYLD4DUK33J,1
508,ASHS2D9RDM4PO,1
509,A24Z9RP5YZZ2TY,1
510,A2VDLRRPXV3N59,1
511,A3J0IAI8AJBGKX,1
512,A16H809DRDT4B9,1
513,AXHB59WY3NYZ4,1
514,A15EZCN5OCG62W,1
515,A26LOVXF4QZZCO,1
516,A2V2GQKFTN1N3P,1
517,AUFOO8PU2BK37,1
518,A1YILFU07P6DND,1
519,A11BSFO4LMHPXQ,1
520,A2I4PUC43EG1BQ,1
521,A1CIV02IH4106Q,1
522,AP4750DK7PU1B,1
523,A1UY2W2FL9CWN,1
524,A8KDSIY4KBYR4,1
525,A3HOBJ4PJUOCUN,1
526,A3L1DZWXQFWB90,1
527,AZBH4LJ5SL456,1
528,A3T9C1USL4V4IJ,1
529,AKNYT1NTK2UFK,1
530,A1YSYI926BBOHW,1
531,A2FXD55FJV1RSV,1
532,APKFFVZKZJ6NZ,1
533,AQC0SZA1E9QO7,1
534,A2W547SNOCMC25,1
535,A15SUPIZ05ZFCD,1
536,A3EMZRRD1ADOI3,1
537,ABNNX9AKIRYJ7,1
538,A1VOWQJOBWOVKG,1
539,A2AGDF3VY0L1QP,1
540,A3696JXTRKL2FI,1
541,A21T7YH1PNOXF6,1
542,A1IL81UMEC9OJI,1
543,A3NS1DN6J7Z3EU,1
544,A1DMXEJGJY02E1,1
545,A6ORRFI3XOACA,1
546,A2ZSY0INE5KDFL,1
547,A3TQD8CNO16IZK,1
548,A37WDOIQH6JM6V,1
549,A1TSD3O3C3ZUT6,1
550,A24M9OW53CLT94,1
551,ARQ8PXKYRL90Q,1
552,AX06ZUCRNSGB3,1
553,A1GZOEMTN2KYDA,1
554,A3UPZ88FI1EJC,1
555,A33UVS8TAJCHSN,1
556,A1VW8Y7XCV3DRW,1
557,A38NFX88VZDMJ3,1
558,APEQ60QNQ3WQT,1
559,AM8HWCZFGT1O5,1
560,A3QSFE6GKO157S,1
561,A2T9GR0UCUVDXG,1
562,AUA1L25QFNOTR,1
563,A1GCTKOPKUTW3G,1
564,ACGZDI611LU0I,1
565,A1950D3SDRWBAH,1
566,A1XUZFDVKP95VC,1
567,A1FG9CPKOMPKEC,1
568,A20EU0UH5K3VGE,1
569,A12ATVBE1I4567,1
570,A3C7COPV48I37D,1
571,A17PAQSQ74L915,1
572,A2YP22IYWPZWR0,1
573,A10BV0VOSJSJ6F,1
574,AIC05ZT6F4AGF,1
575,A3LA5P3N3KI8U7,1
576,A241PV6A122I5X,1
577,A2NA2OJT15COZY,1
578,A2QJEE1E9XE4K5,1
579,A23WEOFH3R08EK,1
580,A2FKEASJJHYISJ,1
581,A1FYTTGF0QACU9,1
582,A2RAC1CU8YLGPC,1
583,A34F2ESTZYTWRM,1
584,AH9Y3W3PJGG32,1
585,A3E9A9O3CLMEW,1
586,A2FL477TMKC91L,1
587,AKA49MPHUX5IK,1
588,AXGSUFCAK8W0H,1
589,A1EDMN0J522ATZ,1
590,ANIV6ES69M2T8,1
591,A2EHTWEFOP2U9Q,1
592,AGU1FHY3JHXSF,1
593,A2ASBBDDJU1DZC,1
594,A2866TYG0D96LM,1
595,AVJUIF9QHQRY8,1
596,A2CM9CZJKLZH8D,1
597,A2I3FCE7LMITQS,1
598,A3APKUC67F9IMW,1
599,A39Q4SNT7SRK94,1
600,APRZ7BR8C0ZMQ,1
601,A2UO3QJZNC2VOE,1
602,ABXI04K7467QI,1
603,AJXIC6Q5EM76P,1
604,A23LXQ5ZX2YONR,1
605,A1F34ZP6YNI98F,1
606,A2NJ6AR78O07FD,1
607,A1PYMROZ75S4FW,1
608,A34DR0CVUBDL1N,1
609,A5NE8TWS8ZV7B,1
610,A6EJ7EU0KMGPL,1
611,A4J4GGMKJ68L0,1
612,AIWSB4YTN32GF,1
613,A2ETY1O927Z1IF,1
614,A3R20AEJRD29WW,1
615,A3HNL3252GJDD8,1
616,A2Z6NL0CTXY0ZB,1
617,A2Y27Q78SRQPUK,1
618,A5JTJGAPTDSEK,1
619,AKKYKO5L8Y9NV,1
620,A14CPQKP46VJQK,1
621,A19R9046KFC12H,1
622,A26UJELT0E2A4E,1
623,A2CF2BD4Q0ZDJN,1
624,A1VVY6OM5X5N0C,1
625,A2SKY4RRWII0BF,1
626,A272X64FOZFYLB,1
627,A2AGQGMZVSZVUJ,1
628,A3GEL5PWFIK05S,1
629,A16SJ5D3DKUEXJ,1
630,A2OR0PX4RNG2NU,1
631,AU34T9OMHN4Z4,1
632,A2G008WN4D4MFT,1
633,AMA4SXSYNC35I,1
634,A10ZOUOZZ3EOAJ,1
635,A1XJDQLDUMZF6R,1
636,A22IIMLQ7K4B3M,1
637,ALV4DAF8DIJ37,1
638,A1IMO5XR05U7S5,1
639,A3PK3QF2HEYZ0N,1
640,A3KSSE0HD0QNUJ,1
641,A1HRHFU7KTS0KW,1
642,ADIXVUPICNIY4,1
643,A1NL7BOZD3IRL5,1
644,A20CZCJPRP54G9,1
645,A13FT8BNX9UUP8,1
646,A2CV8U1O163OY8,1
647,A26NGLGGFTATVN,1
648,A1JKHGRDXU18PM,1
649,A3MFS69UTW9KL8,1
650,A5EU1AQJNC7F2,1
651,A37W3ZVEZMIH90,1
652,A2FARB7LA24AU8,1
653,A1BSA7FVVJGZ15,1
654,A4SC8G0149GEG,1
655,APO6KZZ79PO9Q,1
656,A244NGATA9ZFXX,1
657,AFOGOCDNFJYU,1
658,A1N1EF0MIRSEZZ,1
659,A3GJWXA13GMS9H,1
660,A1QA856X8I7GIZ,1
661,A1NR3COO33J99C,1
662,A353I1D9GT7GNC,1
663,A1Y6HGDW6ZAYBY,1
664,A2VY16N1O40VEL,1
665,A34VJG7ZCJ8LX,1
666,A37DTVGS7RX6AG,1
667,A2JIM3WL2NKI30,1
668,A32HFMZVTLF1JG,1
669,A4T4577P6JL6R,1
670,A2YUCJ28XANFOX,1
671,AIK9IRPT4M848,1
672,A354FUO80QY7GD,1
673,ACSS93E03ZUGX,1
674,A1DREJDQUFBRG7,1
675,A13WFFPE9L1QAB,1
676,A1NVJB5O4H7ZCJ,1
677,A1SIUJEL2LS8UO,1
678,A2BTDUJFLSBN8E,1
679,AAJDSGQRRSEPS,1
680,A1UXWUM04RAO59,1
681,A331EA4IU21KXL,1
682,A2C84QVRK3KG57,1
683,A2OWVYIPSQB0QP,1
684,AYSG3J2U3UF1Y,1
685,A2M45YGLOWMO4N,1
686,A3R5OJR60C6004,1
687,A2NFEHOEDSC8F6,1
688,A1C59M3HPCO503,1
689,A2531UD0IGT731,1
690,A2PL4MBM7Q3EFK,1
691,AKVDY8OXNMQED,1
692,AESIFZEIVG1W5,1
693,A87D3K9YVKTQ7,1
694,AJC3R52WI9ZNL,1
695,AAQREZOK13OV7,1
696,A2A6FH0F7LD9ND,1
697,AG1BNU31ZP490,1
698,A2HAPKVM89N1OF,1
699,AK9V5B77YQSAV,1
700,A3NANJ6W9NG2IV,1
701,A60BX1JSJRYAX,1
702,A31NILFUEWAOSJ,1
703,A3MGO9AP52WQHP,1
704,A397HP5TSIF2LO,1
705,A6UEREUST83JA,1
706,A95RHRMLHT89M,1
707,A2I960JYUZ8KAV,1
708,A3BEZXV7X7EKI3,1
709,A11S8IAAVDXCUS,1
710,AEQ8K4HBO323D,1
711,A14OPFM8OFA4WF,1
712,A3RS7UCO7CQ74R,1
713,A3RYI5HXC2MJLN,1
714,A1YM0IWPC72J7V,1
715,AP9WIQ4P78XLH,1
716,A1EQIKZRSGNNP,1
717,A1W3FO0D77CF5T,1
718,A10U1MDBII93UW,1
719,A3N5L136KKW6AV,1
720,A2P1VYBQ79Y92Q,1
721,A2VBSFSJXLZZ7A,1
722,A20SL254675EOK,1
723,A22AHPN2HZHFSV,1
724,A17F06M11XQX6S,1
725,AQ23X98JVOGIR,1
726,A1AHYAWHM0ML7H,1
727,A3908297ZI3LES,1
728,A2K7AVZWEC9B14,1
729,AB5T5XCK2ZD47,1
730,ACAJFF4MF5S5X,1
731,AFN5VMMGYPF1I,1
732,A1JPWEVV2SPZ7N,1
733,A2VRDE2FHCBMF8,1
734,A2FWJOSAHFW8P5,1
735,A4ZPIPBDO624H,1
736,A3KK1BNF5H0N1Z,1
737,A39ROW50DWRRKT,1
738,A3DFJV1RD653DQ,1
739,AKJ22H1NTVIQX,1
740,A1DNJ17PE2RYJZ,1
741,A3G6L97AX9KR7F,1
742,A2TUUIV61CR0C7,1
743,AK3H5QRAROFGP,1
744,A19WXS1CLVLEEX,1
745,A2VLTSW6CXIUMR,1
746,A2O2O2X7PGR8XW,1
747,A19T9RCL1INUT8,1
748,A1OD4XDOWM8S6E,1
749,A39C210BKD7YNN,1
750,A39K5MR4MCSC56,1
751,A3MD34XEB4H6JF,1
752,A2INXY39KBM92F,1
753,A29DTOJJVU7GCA,1
754,A3OMUSG91MTI3H,1
755,A8FUMDQFBKMXR,1
756,A3OW5EFQ5QFD19,1
757,A1NKVN6J7HNCOT,1
758,A207IHY6GERCFO,1
759,ABL3H3O3BI8ZD,1
760,A33S9Z0SQC71A0,1
761,A1MJVTR0PCKBWW,1
762,A1MQ9B05ZMM4YI,1
763,A2ZNOMZ35LKY8Q,1
764,AK1Q45RF8A87Z,1
765,A1GXFMAC759VRM,1
766,A1WCRV1WEWA63I,1
767,AWJUGWPCUGKEG,1
768,A1VNYP58BTF4HX,1
769,A3VBAQB2WO36Q1,1
770,ASI87SMGFEGLK,1
771,A3SKEW89V5S0DI,1
772,A21P1T8EW4NHOU,1
773,A19134KP9PBNXT,1
774,A3T1GP1D5ECT8A,1
775,AIUKV0KVALMY6,1
776,ASXZQW6YTIPAV,1
777,A2AAFWAAS9C1QC,1
778,A3963FCT1PKKOH,1
779,A2EHH2ZFIRF1BF,1
780,A3LGFYY3D0Y85X,1
781,A2PWUACCQI97J8,1
782,A1FAK4VQ6WQUDC,1
783,A1Q5RFVJKMZBEN,1
784,A2X977GVQ6L90X,1
785,A289D98Z4GAZ28,1
786,AEWPAZBYA7XE,1
787,A2WYCY1FMQOD5F,1
788,A1D0JL4MJ7XSGV,1
789,A2870EFYN6RK8U,1
790,A12R2U6TBB3OOG,1
791,AKYXQY5IP7S0Z,1
792,A1VE6XGZ47GGS,1
793,A31UQAP2HZAZP,1
794,A3VHDQR8A9JJ4F,1
795,A1QMA7B5UBLQIH,1
796,AE7GAKFKJTLRH,1
797,A1V1JNPU0KOA3X,1
798,A17K1CHOI773VZ,1
799,A2SWQM5X54P1O5,1
800,AJFVK3O1D7SPE,1
801,AD14EQ9O9JKRI,1
802,A1U8QI4H4ND1FP,1
803,AWM9DEHK04MZ5,1
804,AG6BG0645ORCT,1
805,A1CH3TODZNQCES,1
806,AVX3SWFMBEPMZ,1
807,AWD97KUKGN0LR,1
808,A1MADOUB1BA0A5,1
809,A1LRJ4U04532TM,1
810,A1G2U62KJ13ZF0,1
811,A1PT6264PIYFCI,1
812,A2NXHJ905WLGAA,1
813,A125KW9P18V5Z1,1
814,A16HSMUJ7C7QA7,1
815,A1LQHI9L1DXN13,1
816,A219VCQZADQ45W,1
817,A1C0LX0PX3G45Y,1
818,A2D2PAD9XLZ1TC,1
819,A29Z23M93G776Y,1
820,A2PEERKD22Z3L3,1
821,A3NI7KS3MIX1SO,1
822,A2YTOX7SEDJ1TC,1
823,ACCN83MA8NRG7,1
824,A32DLMW02133JH,1
825,A3QIG18VHBXBSZ,1
826,AC7VPTC0JQLWL,1
827,A3TL1QQD833M6O,1
828,A8LVJCKG5JYS9,1
829,A7NZ814Q5MX2R,1
830,A33LREXN26VIPD,1
831,A2OJ3GS0HGGXEH,1
832,ANDHUK69LITAN,1
833,A2FIUY37WRDEE1,1
834,AOW8XHXW76DSF,1
835,A225FVGETXRWF1,1
836,A3MCQHA2V0G46V,1
837,A28LNN5WXD76CE,1
838,AEVU71Z2FDTUX,1
839,A3V4RQCV749KKJ,1
840,A1Y3W8KKAU1S0J,1
841,APB2WO5F0WKDH,1
842,A42HOWK7GR37J,1
843,A3N6U6XPU8TEWJ,1
844,A1CUIXBXPIWQQL,1
846,A10YFAPZXAH1SC,1
847,A3G4SJREB8K0BG,1
848,A2NOR6R1M1NHGX,1
849,A3F90N8YVKJ4I7,1
850,A3LFVI65XV1T46,1
851,AU2NVT51E749C,1
852,A2YKYAZYVWOXBO,1
853,A3K78IVPVZ5R6C,1
854,AOZUH34LIFNTA,1
855,A2DAOOAUAFW20T,1
856,A31XNLA9REVGXL,1
857,A2B8HPIZDKYKDR,1
858,A1POQWMOWKNQCN,1
859,A2N4TBD5L6W363,1
860,ANZUE8VX5IMDO,1
861,A2N59JNUB053QW,1
862,A24UO1UN0P7O0M,1
863,AO3XB5I5QNNUI,1
864,ACP5OSFS4WW3Y,1
865,A11MBZUB0YC9V1,1
866,A15P9QOCMFRC73,1
867,A2AKBHAM7ELS19,1
868,A1MZC8D6JFJQMB,1
869,A3SPB30JP5I3BW,1
870,A1V8X5NCGXIL9O,1
871,A1O0BGHFTMPQM0,1
872,A2O4M3CJS7563O,1
873,A1XK4QTX2BVI8G,1
874,A3EUTTOS08SBWJ,1
875,A323WW03VM8089,1
876,A3EDFNG7NA7V0I,1
877,A2NFKOH8HAAL1P,1
878,A3F0EDVH9WN8AI,1
879,A1OON9UBNCMBLS,1
880,A10C0FYBNG18C6,1
881,A1H162QMRV01SA,1
882,A3LXRZZ3GV0LRD,1
883,A3I3S5QKLGUZRQ,1
884,A3AE5KNOKDEDWW,1
885,A1A214MANA8B8Z,1
886,A1SBH6VKUPSYJZ,1
887,A36MTY8RSWBZU7,1
888,A2IUT0610X9CV0,1
889,A30G07ZCH6Y2WR,1
890,A2PB7WC0Y3T77L,1
892,A3U0A3LP7Q38JC,1
893,A3GQ6KDIZWCMW6,1
894,A1BB9W7NAC3FEB,1
895,AAD7G70HVYBYQ,1
896,A337STSPCBN5G3,1
898,A1CL3NP5O3ITJE,1
900,A1FAQI6Q4WCS,1
901,A2XND1X8GMAGZ6,1
902,A3RIXBB22FC8SQ,1
903,APC3O2O8O9XPO,1
904,A747DJ7YL87L5,1
905,AGD5A08T0GIYO,1
906,A2VJ68TCRS0GXL,1
907,A3UOH4UMWWV216,1
908,A38VDOF4BJBZKU,1
909,A2KT6YI7P91HL2,1
910,A2748HYBGBK9DP,1
911,A3EPBFTXWBRHVY,1
912,A1ZA17E5QIGJ8K,1
913,A1J8LFUPVM4DNA,1
914,A3IB23TZXY5X8G,1
915,A1C57DJF1HCR3Q,1
916,A5SBL2N91K744,1
917,AXQAMAX5I3RMS,1
918,A1F8MOWCCVDIH2,1
919,A21KV1DYZ1HZL2,1
920,A3EERCZ7BYSRAP,1
921,A1A7K6PO8UUL7B,1
922,A1TSVP4XC9NTR4,1
923,A1QF5C4CPYIF03,1
924,A5WT9A94RVBYP,1
925,A3K6OL0FVTB9QB,1
926,A2RHQDS58PL14K,1
927,A17ZE002PR3IVA,1
928,ADCQOCJ6UZUSO,1
929,AEQ4XV2GN736S,1
930,A1Q2Y8OZT0TJ2S,1
931,A2HHKBW8HQWI66,1
933,A69KEZJP0BY6B,1
934,A26LNWGDG5JUPC,1
935,A2J3V8AJ1Z0921,1
936,A228JE1K8SV3R6,1
937,AZ42DH0DM2PFK,1
938,A31Y2UA2LPDSWZ,1
939,A74EYSZ2A1Z3V,1
940,A3SEE4PZ8LMBSY,1
941,A248ARSA6FS20S,1
942,A37EV8RZ82WT8E,1
943,A2S7B4E93NWOK3,1
944,A1EPKYRRR8OMKY,1
945,A21E6M0FDLO07D,1
946,A3056EIAMR68GJ,1
947,A10V6YC28ZA152,1
948,A2NOLZFLLS4XEQ,1
949,A2MOSNEX4E7G1P,1
950,A22KLZVV4T7Z2Z,1
951,AQ7RNVB2GZKUZ,1
952,AW5G785I9RVYD,1
953,A1PBW1X7D3OID1,1
954,AJWB4SXR3GQKS,1
955,AZA8EVH0RZAR9,1
956,A2WZDY9R2GHRXD,1
957,A2SS4Y0J6HLO9C,1
958,A261I77RAWTJM4,1
959,A18FSRHD10KF0Y,1
960,ACH2DLG512HN3,1
961,A1601OGXH9CRQ0,1
962,A3E73BVSABJ7LM,1
963,A1ZSL5ZLN9DLAK,1
964,A2172KD8S0RKTZ,1
965,AIDSMG0OTQTOQ,1
966,A38ZKVIOSEVJMX,1
967,A2A1D52ZPSW6L9,1
968,AUQO1FBYXUC9R,1
969,A2Y47AD85P547K,1
970,A1ZR96OLAB0AZ5,1
